Directory,Batch,URL,Copy,Submission Date,Status,Live URL,Link Check,Notes
AlternativeTo,1,https://alternativeto.net,C,,To do,,,"Nofollow. Alternative to: Pitchero, Spond, TeamApp, TeamSnap, Heja"
SaaSHub,1,https://www.saashub.com,C,,To do,,,Fill in alternatives field
SaaSWorthy,1,https://www.saasworthy.com,C (reworded),,To do,,,
Startup Stash,1,https://startupstash.com,B,,To do,,,Curated; may decline
Crunchbase,1,https://www.crunchbase.com,A,,To do,,,Organisation profile
LinkedIn company page,1,https://www.linkedin.com/company/setup/new/,A,,To do,,,
llmstxt.site,1,https://llmstxt.site,E,,To do,,,
directory.llmstxt.cloud,1,https://directory.llmstxt.cloud,E,,To do,,,
llmstxthub.com,1,https://llmstxthub.com,E,,To do,,,Use the site form (PR queue is slow)
Capterra,2,https://www.capterra.com,D,,Blocked: privacy + terms drafted; waiting on review + deploy,,,Also feeds GetApp and Software Advice
G2,2,https://www.g2.com,D (reworded),,Blocked: privacy + terms drafted; waiting on review + deploy,,,Needs reviews to matter
SourceForge,2,https://sourceforge.net,D (reworded),,Blocked: privacy + terms drafted; waiting on review + deploy,,,
F6S,2,https://www.f6s.com,B,,Blocked: privacy + terms drafted; waiting on review + deploy,,,
TrustRadius,2,https://www.trustradius.com,D (reworded),,Optional,,,
Product Hunt,Launch,https://www.producthunt.com,B + gallery,2026-11-03,Prep from 2026-10-13,,,12:01am PT = 7:01pm Sydney
Fazier,Launch,https://fazier.com,B (reworded),2026-11-04,To do,,,
Uneed,Launch,https://www.uneed.best,B (reworded),2026-11-04,To do,,,
